{
  "header": {
    "height": 0,
    "timestamp": 1700000000,
    "previousblock": "NA",
    "merkle_root": "1091578d785250e618f5f27d102557a8ebfaf3beb8c29c942b229ed089892794",
    "hash": "59192af6c281ceb59071a1723e4cb2ca6ca7cdc36b1f049b5644d2dd388e68e0"
  },
  "body": [
    {
      "txid": "1091578d785250e618f5f27d102557a8ebfaf3beb8c29c942b229ed089892794",
      "body": {
        "timestamp": 1700000000,
        "inputs": [],
        "outputs": [
          {
            "address": "e9ff36c2e8d3f2f0af0deade9cd94c0ace5aa650b47402ab038369f847aa2aef",
            "value": 1000000
          },
          {
            "address": "17405543dfe792c3b3ec59caa4d81c42707f3853c2849163a8baa023168d1444",
            "value": 1000000
          },
          {
            "address": "994706c1e774b5dbbbd9007a9a1b3830107c2b9d466afcc986eb2f933faf71f4",
            "value": 1000000
          }
        ],
        "coinbase": true
      },
      "inputs": []
    }
  ]
}